{
  "model_type": "XGBoost (Tuned)",
  "training_date": "2025-11-26",
  "optimal_threshold": 0.3,
  "metrics": {
    "accuracy": 0.7585178688884017,
    "precision": 0.37821043910521956,
    "recall": 0.4216116370353267,
    "f1_score": 0.3987334861884485,
    "roc_auc": 0.7122423885177436
  },
  "training_size": 295582,
  "test_size": 45610,
  "num_features": 43
}