Model,Train_Acc,Test_Acc,Precision,Recall,F1,AUC,Overfitting
Logistic Regression,0.6538557828284537,0.6452970839728129,0.29978689397975494,0.6496190256291849,0.41025080198308544,0.7028056235692105,0.0086
Decision Tree,0.815181573979471,0.7822407366805525,0.36448997012377293,0.19718309859154928,0.2559184896613725,0.660475172293413,0.0329
Random Forest,0.8588750329857704,0.776014032010524,0.3875868055555556,0.30928192103440316,0.3440349300115577,0.6975265611955292,0.0829
Gradient Boosting,0.8792720801672632,0.8075860556895418,0.47540983606557374,0.12722235049642114,0.20072859744990892,0.7018367711276918,0.0717
XGBoost,0.8775534369481227,0.8067967550975663,0.4708171206225681,0.13969060263218655,0.21545584045584046,0.7033922936794081,0.0708
LightGBM,0.8814440662827913,0.8089234816926113,0.48816435908887895,0.12618332948510735,0.20053206127878176,0.7048600469331088,0.0725
